구조 기둥 일람표,,
패밀리 및 유형,개수,체적
,,
콘크리트-정사각형-기둥: 300 x 300,1,0.36 m³
콘크리트-정사각형-기둥: 300 x 300,1,0.36 m³
콘크리트-정사각형-기둥: 300 x 300,1,0.36 m³
콘크리트-정사각형-기둥: 300 x 300,1,0.36 m³
콘크리트-정사각형-기둥: 300 x 300,1,0.36 m³
콘크리트-정사각형-기둥: 300 x 300,1,0.36 m³
콘크리트-정사각형-기둥: 300 x 300,1,0.36 m³
콘크리트-정사각형-기둥: 300 x 300,1,0.36 m³
콘크리트-정사각형-기둥: 300 x 300,1,0.36 m³
콘크리트-정사각형-기둥: 300 x 300,1,0.36 m³
콘크리트-정사각형-기둥: 300 x 300,1,0.36 m³
콘크리트-정사각형-기둥: 300 x 300,1,0.36 m³
콘크리트-정사각형-기둥: 300 x 300,1,0.36 m³
콘크리트-정사각형-기둥: 300 x 300,1,0.36 m³
콘크리트-정사각형-기둥: 300 x 300,1,0.36 m³
콘크리트-정사각형-기둥: 300 x 300,1,0.36 m³
콘크리트-정사각형-기둥: 300 x 300,1,0.36 m³
콘크리트-정사각형-기둥: 300 x 300,1,0.36 m³
콘크리트-정사각형-기둥: 300 x 300,1,0.36 m³
콘크리트-정사각형-기둥: 300 x 300,1,0.36 m³
콘크리트-정사각형-기둥: 300 x 300,1,0.36 m³
콘크리트-정사각형-기둥: 300 x 300,1,0.36 m³
콘크리트-정사각형-기둥: 300 x 300,1,0.36 m³
콘크리트-정사각형-기둥: 300 x 300,1,0.36 m³
콘크리트-정사각형-기둥: 300 x 300,1,0.36 m³
콘크리트-정사각형-기둥: 300 x 300,1,0.36 m³
콘크리트-정사각형-기둥: 300 x 300,1,0.36 m³
콘크리트-정사각형-기둥: 300 x 300,1,0.36 m³
콘크리트-정사각형-기둥: 300 x 300,1,0.36 m³
콘크리트-정사각형-기둥: 300 x 300,1,0.36 m³
콘크리트-정사각형-기둥: 300 x 300,1,0.36 m³
콘크리트-정사각형-기둥: 300 x 300,1,0.36 m³
